<?xml version="1.0" encoding="UTF-8"?>
<preferences>
 <debug showDebugMenu="0" />
 <systemtable filter="Default">
  <columns>
   <connections preferredWidth="111" />
   <export visible="0" />
   <irq preferredWidth="34" />
   <name preferredWidth="154" />
  </columns>
 </systemtable>
 <clocktable>
  <columns>
   <clockname preferredWidth="291" />
   <clocksource preferredWidth="288" />
   <frequency preferredWidth="284" />
   <pipeline visible="0" preferredWidth="211" />
  </columns>
 </clocktable>
 <window width="1393" height="926" x="432" y="50" />
 <library
   expandedCategories="Library/Memories and Memory Controllers/Flash,Library/Peripherals/Microcontroller Peripherals,Project/Peripherals,Project,Library/Interface Protocols/Serial,Library,Library/Memories and Memory Controllers/SDRAM,Library/Peripherals/Display,Library/Bridges and Adapters/Memory Mapped,Project/Peripherals/Display,Library/Peripherals,Library/Memories and Memory Controllers,Library/Interface Protocols,Library/Processors,Library/Bridges and Adapters" />
</preferences>
